Modelo,Riesgo_in_sample,Riesgo_out_sample
Original,0.007006482758219344,0.007157873573581242
RMT,0.007103846473851753,0.007151352832496051
